,AreaCode,Region,Hà Giang,Cao Bằng,Lào Cai,Sơn La,Lai Châu,Bắc Kạn,Lạng Sơn,Tuyên Quang,Yên Bái,Thái Nguyên,Điện Biên,Phú Thọ,Vĩnh Phúc,Bắc Giang,Bắc Ninh,Hà Nội,Quảng Ninh,Hải Dương,Hải Phòng,Hòa Bình,Hưng Yên,Hà Nam,Thái Bình,Nam Định,Ninh Bình,Thanh Hóa,Nghệ An,Hà Tĩnh,Quảng Bình,Quảng Trị,Thừa Thiên Huế,Đà Nẵng,Quảng Nam,Quảng Ngãi,Bình Định,Phú Yên,Khánh Hòa,Ninh Thuận,Bình Thuận,Kon Tum,Gia Lai,Đắk Lắk,Đắk Nông,Lâm Đồng,Bình Phước,Tây Ninh,Bình Dương,Đồng Nai,Hồ Chí Minh,Bà Rịa – Vũng Tàu,Long An,Đồng Tháp,An Giang,Tiền Giang,Vĩnh Long,Bến Tre,Cần Thơ,Kiên Giang,Trà Vinh,Hậu Giang,Sóc Trăng,Bạc Liêu,Cà Mau
Hà Giang,0219,Bắc Bộ,0.0,131.40436317842963,111.44164875586726,200.21499125736497,165.57474450768385,116.87574568554082,211.57200742876176,114.09231916159159,123.94328452314323,162.26748775391295,260.1059035551555,167.17199861520896,181.32257304000774,214.16068642102502,214.41378821002795,219.1624882922226,299.4013122768894,252.43637709121396,281.7476477823014,226.66148138923234,266.13268195980277,271.7038476642784,297.9887577273912,293.20766366746875,303.4595716856361,344.8321331378787,449.04978177278974,507.28185411719767,607.912317265194,712.3183513719522,756.4449108487986,822.915086018189,846.4605678677748,943.4029566333736,1048.9623355349652,1157.7580350950172,1253.6845760253655,1278.100697836533,1358.026211103989,990.368736142078,1037.2938099992723,1153.4076954132788,1208.7748932459933,1319.2211020283391,1240.888562875022,1279.285901812428,1303.5008276765552,1311.8462299216326,1346.7331315833387,1393.9757940060763,1350.814386909969,1348.4391058603296,1365.0567012156905,1388.5259690035246,1395.9266187259082,1401.3439015971765,1419.0996000968742,1420.3562896101096,1434.7718019770366,1444.649050729837,1467.8933142130516,1512.4937487767313,1511.368204257937
Cao Bằng,0206,Bắc Bộ,131.40436317842963,0.0,235.6903620798098,284.0450199167298,290.29657327580935,73.00606849426609,104.87341703955961,138.35391924506797,174.48921553582295,125.69732790293106,364.38122721893507,185.23635792041418,165.55391703805697,155.10780001126687,164.93970005443043,185.95163628740548,207.63815681105316,192.12846802003466,206.40811967531084,225.85354007796684,224.60857019742025,237.72597395414297,244.96983559173373,248.17866745261273,268.6137683607248,320.6193668807589,430.3105443313898,481.1412748991363,568.6430434002988,662.5069708790523,701.061107118149,760.1152601698165,782.6240044550912,877.3446718506818,982.2323714634856,1095.8165525922504,1194.567268927771,1228.917020915263,1313.362800419554,938.0571020572855,983.301260689318,1104.9201670055884,1164.5429849340821,1265.9501930462231,1209.3636676540482,1254.3043159166737,1273.492427310018,1276.4470599459405,1316.713608883908,1359.81854600944,1328.2953322152098,1329.4789365210297,1351.3982755879977,1362.573707890175,1373.8197166138195,1375.1029206267774,1398.9737528504322,1406.5195419736178,1408.99888389055,1427.71490433069,1445.8683202230284,1498.549272361182,1497.407671174873
Lào Cai,0214,Bắc Bộ,111.44164875586726,235.6903620798098,0.0,127.52478870469403,54.751986490983455,196.1942616035833,294.2979327736947,150.6706802832465,128.37661412158903,216.09134576537411,157.5098908110094,177.73228331128988,213.6693078346431,267.2451862117063,261.024548201958,253.10751468620083,362.6255817569086,299.02101602885415,334.8475124398571,233.1281276239813,296.5960786302205,295.40199395733987,332.3951694298526,322.1236737383643,322.9227441806765,350.3951841082357,440.79142637980505,501.7797151024723,609.1736563686161,719.5237741737063,767.5085252830753,839.2858736192196,863.3518691723166,960.8207490201236,1065.6748414306392,1168.8794185317759,1261.3425494887788,1276.5202180759718,1351.7939751566437,994.6077826410354,1042.446119523963,1152.3301140352505,1203.3802700008412,1321.0079231482543,1224.125365094292,1256.62175426648,1284.9159425597434,1297.8373309557999,1327.8259892732765,1378.2859521362939,1325.5217406488068,1320.1890504717853,1332.3048229964027,1365.8580138351595,1369.9689919936627,1378.8319835687923,1391.3303042786292,1387.3774479826538,1411.6408137140754,1414.0653064412536,1441.3988213326475,1479.0422065372393,1477.9362523900586
Sơn La,0212,Bắc Bộ,200.21499125736497,284.0450199167298,127.52478870469403,0.0,126.83467495152664,218.74258044292742,298.59155331690204,150.3689422336545,111.96211565471853,202.53732830045945,93.51211310133486,131.40436544965195,176.4118912185475,238.76259500825944,226.32785851526017,205.71843741837105,331.49110164654525,256.61322620455735,294.65861115056066,160.17131753090925,236.25710759622876,227.86195464604188,271.03616594006706,256.1598505573832,246.85231434684616,257.7729697056851,331.7149297292689,392.6534701940847,502.16681556004795,614.7954404766247,664.8762647421231,739.7049822033533,763.8900769320801,860.7849628223378,964.2918210627545,1062.9627051617617,1152.760633183032,1162.5015272963105,1235.1818294589323,885.2460489690623,933.3609753415016,1039.032397326245,1087.6072602679924,1208.7058281737945,1103.1948573496302,1133.522004575735,1163.1755986754824,1177.852647520743,1205.8938334687937,1257.4726095139085,1201.5157497526677,1195.3780604418957,1206.4404894551697,1242.5972005479541,1245.7204657175191,1255.603543667106,1266.570667656497,1261.4266304040138,1288.1771324154006,1288.6034110498226,1316.9279932295208,1352.9414718841833,1351.839862523933
Lai Châu,0213,Bắc Bộ,165.57474450768385,290.29657327580935,54.751986490983455,126.83467495152664,0.0,248.0701046949108,345.1491534842086,196.58237750596152,168.1639232517455,262.0959005445656,121.16482599772783,213.52505811723148,253.8655689624281,311.2503874413501,303.36633963474736,291.8436344759299,407.5325169345828,340.1802694305743,377.17774679903584,263.1201431369002,332.48831179686033,328.90729608464767,368.58744951151346,356.6435414479094,353.8765032152436,374.81767792822546,456.65671342491413,517.7814649515964,626.8373981249048,738.8543890032495,788.2231872661041,861.9175420071047,886.0819973210571,983.3166235591558,1087.4445002008379,1187.7738518319766,1278.3748716769971,1289.1680091448409,1362.0160014657274,1010.9610511052875,1059.0267194144178,1165.588748761837,1214.4131849543123,1335.1367856626148,1229.5348181086742,1258.977110242609,1289.2428098263726,1304.401465595506,1331.877963692815,1383.8152147230974,1326.3566824192746,1319.5251176558506,1329.2829293886928,1367.924007911424,1370.3546624201476,1380.945653473217,1390.739069956418,1384.1050091092338,1413.3651643017986,1411.9738547388752,1441.3473026730264,1475.3250252779987,1474.2315188344799
Bắc Kạn,0209,Bắc Bộ,116.87574568554082,73.00606849426609,196.1942616035833,218.74258044292742,248.0701046949108,0.0,98.70439980923643,68.79191190422704,106.89097799825156,59.05150044604021,304.5979066163049,112.26025602758104,95.37353753971394,103.18548229402779,107.82183577701014,122.34778004563043,182.67695462282387,142.60804745253117,167.62885865033022,154.89628293479893,166.1459926760958,176.46544371261186,192.82621462009706,192.06546780219827,208.55072020530858,257.69773217078927,367.01505811293157,420.7462975340589,513.9066625997069,612.942322785663,654.3787814918749,717.5340219246195,740.6749302380834,836.8530115680394,942.3040249143014,1053.3999214621826,1150.780549460671,1180.2839459900679,1262.7756666106047,890.463079800965,936.6142947103654,1055.7997794858838,1113.5858320109317,1219.3040811246046,1153.2585519610197,1195.8637120717676,1216.8950073988985,1221.9312094945105,1260.169317998173,1304.9034730176022,1269.0868138356998,1269.0866646304662,1289.362237696639,1304.5958450632743,1314.5180829895367,1317.2405757670183,1339.033504036518,1344.590392075275,1351.003224406345,1366.7676349845485,1386.6072489469188,1436.7326140689752,1435.5949824098925
Lạng Sơn,0205,Bắc Bộ,211.57200742876176,104.87341703955961,294.2979327736947,298.59155331690204,345.1491534842086,98.70439980923643,0.0,153.34651988630384,190.04556853012633,96.63592622266891,389.7456306447042,171.42332974091556,131.39443936305173,83.591046181708,98.93206866725956,127.45971688500204,103.3698329413734,107.93849931313001,109.18265477174076,183.5717672332041,149.23433815066582,165.96342307789092,158.13256602712806,166.54998998691698,191.7574566661447,245.9091796672387,352.4558098922641,397.14683414643116,476.2082400293382,564.8339137353372,601.3043289924725,658.1020425746702,680.3064358412632,774.3535346888988,878.9569640561493,993.3083058817981,1092.535408530274,1129.372087324702,1215.0243338330772,838.2730151506274,882.9183220195492,1005.8321720084793,1066.6461391902405,1165.227700391091,1115.9142018502744,1163.395603514598,1180.4576717378766,1181.3395813733405,1223.5587519784979,1264.9769952052727,1238.2174155163625,1240.9716831191233,1265.2781309844524,1270.9457826868295,1283.7906973262704,1283.323509496956,1309.7421492514134,1320.1409247538686,1317.3281853805615,1339.8369633137422,1355.686515072027,1411.8606267164666,1410.7145244999235
Tuyên Quang,0207,Bắc Bộ,114.09231916159159,138.35391924506797,150.6706802832465,150.3689422336545,196.58237750596152,68.79191190422704,153.34651988630384,0.0,38.431990603889055,65.64782746211034,238.23826773065102,56.030419582282406,69.2886254014477,116.7019791084341,111.544087423519,108.92107569796754,211.99558493223722,150.16718612930026,184.81976917764024,113.30660858981199,155.50150852499723,159.13022651072163,189.46067905132125,182.4497073639574,190.36109019961108,230.7409460973551,335.58834721321466,393.38605688969994,493.8732938741744,598.8350677931453,643.5620174236224,711.1710495724717,734.8726498717409,832.0733357683292,937.5799051554251,1045.2873018428884,1140.6948532752638,1164.1677608953953,1243.9418898384624,876.7977379826888,923.8513726604078,1039.4748112490938,1094.694403776774,1205.5489346523411,1127.274041551869,1166.4063413786423,1190.0520958365798,1197.978568190153,1233.301884071206,1280.2106015097306,1238.3312650354371,1236.5428252445665,1254.2138801372387,1275.579161451998,1283.5344216562307,1288.3663040610254,1307.04622800743,1309.517339174321,1321.8710877379947,1333.1943798953594,1355.5545214070717,1401.6951667135245,1400.565433167866
Yên Bái,0216,Bắc Bộ,123.94328452314323,174.48921553582295,128.37661412158903,111.96211565471853,168.1639232517455,106.89097799825156,190.04556853012633,38.431990603889055,0.0,97.46390131084817,200.24159602339523,50.65165502504924,85.96119071598422,143.63211436279994,135.22242801565542,124.89672420088536,240.0310712586424,172.14370002989824,209.0144405551937,109.88264281672298,168.31655656646916,167.9274076721611,204.04050775071536,194.11291064526793,196.73723357685867,229.92650477999882,329.3079035140533,388.8924867358779,492.85919038500424,600.5848011321641,646.958874803175,716.7696792181539,740.6910741338177,838.1370290396137,943.4004964565161,1048.99489558256,1143.1264434761597,1163.112517210315,1241.1941269132008,877.7291495538868,925.1815764466184,1038.5082801810859,1092.1342121719044,1205.7936112921632,1120.449107633608,1157.4176575478396,1182.619123136563,1192.269734191535,1225.7974424489548,1273.954511732804,1228.4549436178404,1225.5672078216035,1241.598112670727,1266.7211196118274,1273.4655331650442,1279.5801861449347,1296.3346580005013,1296.8895845493944,1312.8910203491087,1321.4756929021494,1345.366768332003,1389.0014175769063,1387.8776169577627
Thái Nguyên,0208,Bắc Bộ,162.26748775391295,125.69732790293106,216.09134576537411,202.53732830045945,262.0959005445656,59.05150044604021,96.63592622266891,65.64782746211034,97.46390131084817,0.0,294.57840544266844,75.13506566604508,41.0873345330087,52.98127809763534,52.23371168762647,63.314275511561085,146.5758054340951,90.23175658080132,121.69229603327612,101.13490811333425,107.9524622304821,117.53646456289398,136.89551445173694,134.40337043741593,149.70694853330448,198.67433130628126,308.0804077566499,361.7044541231145,455.5257262483664,555.766330938668,598.0710775521204,662.6328900869156,685.9834516813568,782.5961535053863,888.1393610974724,998.1672030843811,1094.992570184727,1122.9744699628516,1204.942510732948,833.6038847002766,880.0036301177536,998.4069426706311,1055.7066956599706,1162.5529842651868,1094.44351331353,1136.8474149588128,1158.0194027482842,1163.3271020807704,1201.2958899940913,1246.2290347579121,1210.0417908957581,1210.041633922577,1230.4112250370226,1245.6012130403412,1255.4707821301572,1258.2527153146514,1279.9825285603272,1285.6315053146236,1292.0059088062922,1307.7430963810878,1327.5600351591122,1377.7666823421346,1376.6286809267929
Điện Biên,0215,Bắc Bộ,260.1059035551555,364.38122721893507,157.5098908110094,93.51211310133486,121.16482599772783,304.5979066163049,389.7456306447042,238.23826773065102,200.24159602339523,294.57840544266844,0.0,224.79706454783656,269.85767210129313,332.22489473957927,319.83965661085375,298.93115217757423,424.89194024046157,349.75708772583675,387.7220566401807,251.01375536939136,327.5314456839225,317.8544615742622,361.49161772990357,345.8777052527805,333.943459452681,337.1198699590054,395.0826969655145,454.128671311789,563.6212552421396,676.9755497743453,728.5184087549134,805.3852005630334,829.4810918473663,925.211383933599,1026.9285656451962,1120.6691000633741,1207.1369256768135,1209.8000343083365,1278.1973365395781,940.0441002158515,988.1931512834199,1087.8997868372771,1132.5684157750488,1258.2244803301821,1138.5263107992023,1163.3828254422106,1196.3978821287471,1214.892614861646,1238.4922189373992,1292.4661403802768,1228.4564751545436,1219.6524455426206,1226.4119756791515,1271.5998045750032,1271.7348171638719,1284.652858012404,1290.7843748931637,1280.8093111100507,1316.4503669495364,1310.065300907828,1341.9810605898213,1371.3216803434557,1370.244840669442
Phú Thọ,0210,Bắc Bộ,167.17199861520896,185.23635792041418,177.73228331128988,131.40436544965195,213.52505811723148,112.26025602758104,171.42332974091556,56.030419582282406,50.65165502504924,75.13506566604508,224.79706454783656,0.0,45.10560440709285,107.4695617117685,95.6702896449244,78.96731974313528,201.68081487048423,129.0223139450317,166.98162321790664,60.27179521851955,119.33370015414201,117.71284396840056,155.36909250497325,144.4472864401565,146.11586293063547,180.22817124426308,282.08119676752443,340.87294770743034,443.58577457660226,550.6100998142908,596.6768647714764,666.2208621387061,690.1263051202754,787.5613927482173,892.8518315078367,998.7219723581809,1093.1031426271152,1114.0436240839326,1192.7508641542001,828.0249681613453,875.3841617072146,989.3928646987883,1043.5982989719628,1156.3244880217733,1073.8925796524397,1112.1223103450768,1136.406259414099,1145.1426514284149,1179.6301166236385,1227.1159509311342,1183.73392295591,1181.589274028449,1198.8200213130572,1221.3573362989819,1228.87577304583,1234.1735495033577,1252.1803955524817,1254.124746027926,1267.6072385671773,1278.0352146171108,1300.862413071581,1346.2931456632384,1345.1647330614833
Vĩnh Phúc,0211,Bắc Bộ,181.32257304000774,165.55391703805697,213.6693078346431,176.4118912185475,253.8655689624281,95.37353753971394,131.39443936305173,69.2886254014477,85.96119071598422,41.0873345330087,269.85767210129313,45.10560440709285,0.0,62.37277880140496,50.892753093169475,40.00737807328012,157.01929257134915,86.32539407107996,123.66770149538377,60.36144632168323,86.22752068686503,90.39889410512424,120.5813660926694,113.16112026185345,122.17027415363619,166.24749289575777,274.17180612991984,329.92029144321674,427.6117991053222,531.0537361963259,575.1599214294152,642.1971535385136,665.8532187786886,762.993857456871,868.5202539590181,976.6410318797994,1072.3895351421027,1097.239186282724,1177.8594670840391,809.124664610158,855.998692841493,972.5583817496815,1028.578304252603,1138.0234935112512,1063.9487866988295,1104.8145060252941,1127.1519210111517,1133.786408449206,1170.428011591462,1216.361451095706,1177.4700076486408,1176.7156124346288,1196.0301205567084,1213.7906038019598,1222.8142220626103,1226.5075168174512,1246.9087404518468,1251.2970201207163,1260.1560229855813,1274.0203390882584,1294.892293585697,1343.4711014748866,1342.3359626352258
Bắc Giang,0204,Bắc Bộ,214.16068642102502,155.10780001126687,267.2451862117063,238.76259500825944,311.2503874413501,103.18548229402779,83.591046181708,116.7019791084341,143.63211436279994,52.98127809763534,332.22489473957927,107.4695617117685,62.37277880140496,0.0,15.7489826209285,44.56020866296876,96.40050658464709,39.4262305110925,68.72749554841428,102.67528216166319,70.36238196455098,85.31340739229348,90.84410428623518,93.07195636147453,114.49862620820895,167.84601195832968,276.89487888511314,326.25056980499176,414.27682538635855,510.92356617323924,551.6412200248224,614.3639619018415,637.491855235897,733.6789015129917,839.1402143241272,950.2534319034612,1047.7491619402838,1078.2078316985126,1161.3822153948915,788.0271577636864,833.987874391973,953.8425207399993,1012.3048579466337,1116.7317313224164,1054.8072629935316,1099.2712529388743,1118.809655839181,1122.453324974004,1162.0503793780276,1205.6844391180812,1173.201718028067,1174.390611426807,1196.5555133841676,1207.611331796413,1218.7227420142185,1220.160219510796,1243.8669661582428,1251.6448585925273,1254.0370498124564,1272.6712783993773,1290.774887556656,1343.6407491239013,1342.4984214373244
Bắc Ninh,0222,Bắc Bộ,214.41378821002795,164.93970005443043,261.024548201958,226.32785851526017,303.36633963474736,107.82183577701014,98.93206866725956,111.544087423519,135.22242801565542,52.23371168762647,319.83965661085375,95.6702896449244,50.892753093169475,15.7489826209285,0.0,28.822360110990438,106.12808622848354,38.78214381533504,73.92882467951983,87.00820355815621,59.77062424851032,73.09539563013746,85.18340302498116,84.59704676546455,103.67627270679195,156.07441161618414,265.6005000111114,316.3411679297352,406.6734478687967,505.1224363572328,546.7681972666408,610.7296955507463,634.0247339820731,730.5454735940951,836.0768367636234,946.3939491103775,1043.4465159310187,1072.4624865104347,1155.0308732169729,782.6940549143692,828.9131457121562,947.9788948380575,1005.862373102988,1111.5693716524083,1046.7298870444536,1090.4288396631944,1110.5742829996673,1114.8858170882397,1153.8336532729286,1197.9888260271246,1164.110600740567,1164.9007838515026,1186.5034853571092,1198.9303107580556,1209.6051329803456,1211.517812015054,1234.5383039575786,1241.6389428189473,1245.3531604121035,1263.0055720578496,1281.6773974886646,1333.686793844942,1332.545680907713
Hà Nội,024,Bắc Bộ,219.1624882922226,185.95163628740548,253.10751468620083,205.71843741837105,291.8436344759299,122.34778004563043,127.45971688500204,108.92107569796754,124.89672420088536,63.314275511561085,298.93115217757423,78.96731974313528,40.00737807328012,44.56020866296876,28.822360110990438,0.0,126.2334847903137,50.92133339041662,89.02658190708564,58.717733856874446,46.99052803328595,54.35874359912581,80.61188089435409,74.07535994164873,86.62219023882942,135.58391523624152,245.1880397611461,298.3986018690469,392.79339643915256,494.3508584367998,537.6286879682121,603.7599110568736,627.325555285051,724.3306279017247,829.8832863787579,938.6573691838537,1034.8407565884288,1061.208315191209,1142.6361882843898,772.3883056653035,819.0402681191778,936.5766688245731,993.3702417600234,1101.3599321843765,1031.240445344805,1073.5331789228555,1094.7722900382012,1100.2951534100957,1138.0498920739155,1183.1352062208307,1146.73976644056,1146.8090606390645,1167.3916119445053,1182.2906708633625,1192.1728097113335,1194.944218849589,1216.717919453677,1222.5961245586607,1228.6946196625788,1244.570114486305,1264.2618531708467,1314.7165327179987,1313.577845002977
Quảng Ninh,0203,Bắc Bộ,299.4013122768894,207.63815681105316,362.6255817569086,331.49110164654525,407.5325169345828,182.67695462282387,103.3698329413734,211.99558493223722,240.0310712586424,146.5758054340951,424.89194024046157,201.68081487048423,157.01929257134915,96.40050658464709,106.12808622848354,126.2334847903137,0.0,76.1977657846123,40.93916255904058,180.39173654113398,110.90191657186665,127.49179700900339,94.21050440561883,110.45370838112026,137.50669866739875,185.731844731753,279.43461608564724,314.7190914238037,382.57718514462135,465.45949120680683,500.1037093254535,555.3360312224428,577.3760260435397,671.130034155694,775.6482286342834,890.2293647797514,989.6431696776915,1027.8736105428377,1114.295858996219,736.7813983288787,781.0007880526766,904.7026334089708,966.3191466524696,1062.9965788529494,1019.0116838123176,1068.5565024722753,1083.8169247083881,1083.0325265621343,1126.7712643317975,1166.805375485837,1143.9773816717911,1148.0770996384626,1174.4322087735115,1175.3605835818862,1189.530638803635,1187.5987767660727,1216.1255473820959,1228.9757792846033,1221.656050777193,1247.3397387535595,1261.2099649029744,1320.2912916263342,1319.1428460105833
Hải Dương,0220,Bắc Bộ,252.43637709121396,192.12846802003466,299.02101602885415,256.61322620455735,340.1802694305743,142.60804745253117,107.93849931313001,150.16718612930026,172.14370002989824,90.23175658080132,349.75708772583675,129.0223139450317,86.32539407107996,39.4262305110925,38.78214381533504,50.92133339041662,76.1977657846123,0.0,38.121777756901025,104.38634086278601,43.223392410476144,60.9338881613586,52.8878419876438,58.764366929698326,83.93177803227348,138.05059764916297,244.79904594543984,291.3849602901496,376.5180510843933,471.96982106426293,512.3700064816567,574.9378792816036,598.0672036903486,694.2738392215523,799.7434361464657,910.8306250092031,1008.3577334495845,1039.1676752169758,1122.6046335796564,748.8616384659108,794.7455055401854,914.856345439565,973.5844065965787,1077.5011179045878,1017.2352058498413,1062.453159046561,1081.3733763312791,1084.4484983156806,1124.5912703635222,1167.771703329688,1136.6527599506567,1138.3287794255557,1161.2610232675304,1170.6045036217656,1182.1979086988765,1183.1115700549708,1207.5916849873033,1216.2733513332162,1217.0274430997156,1236.8236601382857,1254.2168882511742,1308.180115237868,1307.0362228713138
Hải Phòng,0225,Bắc Bộ,281.7476477823014,206.40811967531084,334.8475124398571,294.65861115056066,377.17774679903584,167.62885865033022,109.18265477174076,184.81976917764024,209.0144405551937,121.69229603327612,387.7220566401807,166.98162321790664,123.66770149538377,68.72749554841428,73.92882467951983,89.02658190708564,40.93916255904058,38.121777756901025,0.0,140.57010282677183,69.97701350692522,86.72214748920285,57.16381448770935,71.77038103175043,99.26158973095373,150.18936887784153,249.90415205953008,290.4095102889313,367.027567803337,456.81311689889714,494.6906197296044,554.1529837607574,576.8559654956448,672.1644914227604,777.35425538517,890.0514491605401,988.4787466067517,1022.6425296069347,1107.5060525027202,731.7101291229792,776.8954683183438,898.7596478676668,958.871641629177,1059.5432321973258,1006.8514968967899,1054.2162716784437,1071.355995298743,1072.5727794962513,1114.4718603326091,1156.1593678513404,1129.0646045071628,1131.9497900475726,1156.621558671388,1161.7677878134452,1174.6382823964216,1174.1495933102424,1200.6420389206435,1211.4234295728656,1208.1519594976164,1230.879948983971,1246.524145681357,1303.0718054242334,1301.9251350941045
Hòa Bình,0218,Bắc Bộ,226.66148138923234,225.85354007796684,233.1281276239813,160.17131753090925,263.1201431369002,154.89628293479893,183.5717672332041,113.30660858981199,109.88264281672298,101.13490811333425,251.01375536939136,60.27179521851955,60.36144632168323,102.67528216166319,87.00820355815621,58.717733856874446,180.39173654113398,104.38634086278601,140.57010282677183,0.0,76.52971302646914,67.86310524633267,110.86810445155074,96.21236323019603,90.76213993984184,120.09538182035823,222.41414442797875,280.7875993102557,383.3424230912566,490.7054901403644,537.1506619194495,607.3907542613564,631.3663407923069,728.8421993506608,833.993919482701,939.1682608195159,1033.2450651801173,1053.7834062447614,1132.502551770168,767.9394498861226,815.352195750101,929.1368602114799,983.3414357368235,1096.145748758556,1014.2338803208138,1053.1040583887357,1076.9013937801276,1085.240921980911,1120.1424639235702,1167.3222287540675,1125.0377272979638,1123.3573847250168,1141.394464138421,1162.2833462555266,1170.250496558777,1175.07411977957,1193.8206019461925,1196.6926551220886,1208.5712401881053,1220.1343666437829,1242.2765340589513,1288.877068313193,1287.7457043284041
Hưng Yên,0221,Bắc Bộ,266.13268195980277,224.60857019742025,296.5960786302205,236.25710759622876,332.48831179686033,166.1459926760958,149.23433815066582,155.50150852499723,168.31655656646916,107.9524622304821,327.5314456839225,119.33370015414201,86.22752068686503,70.36238196455098,59.77062424851032,46.99052803328595,110.90191657186665,43.223392410476144,69.97701350692522,76.52971302646914,0.0,17.791767859118085,36.09952840861088,27.084855114961822,44.15710682587261,97.64728684957026,206.53333740213256,256.58166278410386,347.7634058131055,448.00532348216313,490.8906003444246,556.7827246485498,580.3400292280255,677.340102087322,782.892808345249,891.7522286063363,988.057087027862,1015.1061149128664,1096.9909143501689,725.9595762147662,772.5024001438254,890.5173076823486,947.7572849307402,1054.9324785862777,987.3549245899998,1030.7494391200107,1051.1170351160763,1055.8130924215436,1094.383079449935,1138.8253478295023,1104.3765221348115,1105.130370411192,1126.7916158003113,1139.2947747177755,1149.8662649038693,1151.8943544347571,1174.7748270751458,1181.9176181160517,1185.7156159034594,1203.2394292474644,1221.9410158189962,1273.9560180610158,1272.8146752626103
Hà Nam,0226,Bắc Bộ,271.7038476642784,237.72597395414297,295.40199395733987,227.86195464604188,328.90729608464767,176.46544371261186,165.96342307789092,159.13022651072163,167.9274076721611,117.53646456289398,317.8544615742622,117.71284396840056,90.39889410512424,85.31340739229348,73.09539563013746,54.35874359912581,127.49179700900339,60.9338881613586,86.72214748920285,67.86310524633267,17.791767859118085,0.0,43.78740501160782,28.349432206402554,32.28074019094915,82.98775461908134,192.5996751162494,244.4753805106553,338.5120032473826,440.81028390783183,484.76106402301986,552.0432575334214,575.7559487655386,672.9866702006675,778.4780103152025,886.280181180074,981.9920478214834,1007.3427710092016,1088.492372016633,718.8892290020316,765.6945240896667,882.6853059700736,939.2179428435342,1047.8261468169621,976.9180163738235,1019.4351350350606,1040.4829398529864,1045.93641639188,1083.759447142575,1128.7799031194136,1092.7698319337776,1093.0805108727857,1114.1201029244392,1128.1399201072359,1138.22282950015,1140.7803663856268,1162.8939075314318,1169.2914899493621,1174.549286202113,1190.983767424391,1210.30950659274,1261.3788355932884,1260.2389047798706
Thái Bình,0227,Bắc Bộ,297.9887577273912,244.96983559173373,332.3951694298526,271.03616594006706,368.58744951151346,192.82621462009706,158.13256602712806,189.46067905132125,204.04050775071536,136.89551445173694,361.49161772990357,155.36909250497325,120.5813660926694,90.84410428623518,85.18340302498116,80.61188089435409,94.21050440561883,52.8878419876438,57.16381448770935,110.86810445155074,36.09952840861088,43.78740501160782,0.0,17.70787393615741,43.413923140462245,93.03013353646959,194.97361305807866,239.27173286943847,323.7223185250873,420.26749653014997,461.6016105651025,525.7383230175409,549.101663537746,645.7775056443363,751.3307261722132,861.2974313094413,958.2711342671124,987.6048518571873,1070.5786335573462,697.6466669067829,743.7928075724727,863.1838985977292,921.4836975816216,1026.477868140579,964.4105743963783,1009.5686817455403,1028.5227704121066,1031.7718224126218,1071.744975129657,1115.0555321908237,1083.7890341352183,1085.5463984628316,1108.6960623887703,1117.7169909051518,1129.33648227284,1130.2249500738596,1154.7661671285869,1163.6796877685879,1164.140016472674,1184.0892710584044,1201.351093705264,1255.5539628150932,1254.4096179416797
Nam Định,0228,Bắc Bộ,293.20766366746875,248.17866745261273,322.1236737383643,256.1598505573832,356.6435414479094,192.06546780219827,166.54998998691698,182.4497073639574,194.11291064526793,134.40337043741593,345.8777052527805,144.4472864401565,113.16112026185345,93.07195636147453,84.59704676546455,74.07535994164873,110.45370838112026,58.764366929698326,71.77038103175043,96.21236323019603,27.084855114961822,28.349432206402554,17.70787393615741,0.0,27.52231132864682,80.29536550810188,186.0350083684335,233.39846821949683,322.07752229782335,421.36527703695936,463.979506943515,529.7078309374554,553.2591885689241,650.2552717648491,755.8080919786229,864.7236477681931,961.1049803953167,988.5800275221234,1070.7448683330115,699.2398632799844,745.7107226844697,864.0237681839745,921.5401493467392,1028.2024297303647,962.2085993104417,1006.2775691402042,1026.1044402116597,1030.2893482320833,1069.3578749728533,1113.3998425018588,1080.1509807704024,1081.3244682862664,1103.6414554506127,1114.6759994986628,1125.6682982861678,1127.2408429623533,1150.795272883476,1158.7084890855049,1161.1012245419015,1179.629001694215,1197.7240108044937,1250.680875984575,1249.5381054318982
Ninh Bình,0229,Bắc Bộ,303.4595716856361,268.6137683607248,322.9227441806765,246.85231434684616,353.8765032152436,208.55072020530858,191.7574566661447,190.36109019961108,196.73723357685867,149.70694853330448,333.943459452681,146.11586293063547,122.17027415363619,114.49862620820895,103.67627270679195,86.62219023882942,137.50669866739875,83.93177803227348,99.26158973095373,90.76213993984184,44.15710682587261,32.28074019094915,43.413923140462245,27.52231132864682,0.0,54.15258840918201,162.40784636067323,212.80352114118014,306.23591410300924,408.8835291942038,453.2116859177783,521.1581563532299,544.9499582974972,642.281397764541,747.7089713370467,854.9394680135209,950.3846945397476,975.2188498935817,1056.252860573731,686.9547855677578,733.8371086586892,850.5519551129813,906.9762121331844,1015.8597162271853,944.7410342271293,987.4890897544311,1008.3465777962435,1013.6834157796645,1051.6214739418658,1096.5455306935019,1060.9346776106242,1061.4455946806625,1082.8427807885382,1096.1433191398623,1106.4034747524977,1108.7712829913523,1131.1788046882398,1137.9856050245667,1142.5570321603202,1159.4583394008237,1178.486401380715,1230.0430932239824,1228.9022641611978
Thanh Hóa,0237,Bắc Trung Bộ,344.8321331378787,320.6193668807589,350.3951841082357,257.7729697056851,374.81767792822546,257.69773217078927,245.9091796672387,230.7409460973551,229.92650477999882,198.67433130628126,337.1198699590054,180.22817124426308,166.24749289575777,167.84601195832968,156.07441161618414,135.58391523624152,185.731844731753,138.05059764916297,150.18936887784153,120.09538182035823,97.64728684957026,82.98775461908134,93.03013353646959,80.29536550810188,54.15258840918201,0.0,109.72013826588595,163.68623181922842,263.46709292707936,370.7006655082819,417.58410119968914,488.89370227178074,512.9672509080292,610.4303036580278,715.2961141096077,819.4710144495837,913.2442565510804,933.9573631760197,1013.2457638463651,647.844247221432,695.2627926901368,809.2862773816607,864.0151776040627,976.096499530214,897.7188883292137,938.7705376378177,960.9045620740823,967.754028985174,1004.1807762209152,1050.2285397556032,1011.6674599124186,1011.414652539434,1031.8082966234406,1047.6818326506411,1057.0602477508723,1060.3813491380156,1081.4196726442842,1087.0145976209346,1094.0607648253617,1109.0708772498685,1129.1480271630721,1179.1378790587337,1177.9993439129773
Nghệ An,0238,Bắc Trung Bộ,449.04978177278974,430.3105443313898,440.79142637980505,331.7149297292689,456.65671342491413,367.01505811293157,352.4558098922641,335.58834721321466,329.3079035140533,308.0804077566499,395.0826969655145,282.08119676752443,274.17180612991984,276.89487888511314,265.6005000111114,245.1880397611461,279.43461608564724,244.79904594543984,249.90415205953008,222.41414442797875,206.53333740213256,192.5996751162494,194.97361305807866,186.0350083684335,162.40784636067323,109.72013826588595,0.0,61.16113948561441,170.458385346591,283.3380075250748,334.0880776123768,410.3859265389876,434.51010974767684,530.6328177499095,633.29647726158,731.2959091934603,821.8011573583974,835.8992484010191,912.4568464760954,554.5191756392404,602.524068119479,711.6012912484273,763.6050986382579,880.2291359349919,791.8433743076771,831.0443600976542,854.4897930830367,863.1208677102427,897.7331852695102,945.0362337119772,903.407580771951,902.551054403875,922.347281387601,940.1462584672133,948.7197090739018,952.9093807807699,972.7392132059286,977.577385165775,986.4699470096529,999.9494729568713,1020.7893041661339,1069.723456346751,1068.5861064264539
Hà Tĩnh,0239,Bắc Trung Bộ,507.28185411719767,481.1412748991363,501.7797151024723,392.6534701940847,517.7814649515964,420.7462975340589,397.14683414643116,393.38605688969994,388.8924867358779,361.7044541231145,454.128671311789,340.87294770743034,329.92029144321674,326.25056980499176,316.3411679297352,298.3986018690469,314.7190914238037,291.3849602901496,290.4095102889313,280.7875993102557,256.58166278410386,244.4753805106553,239.27173286943847,233.39846821949683,212.80352114118014,163.68623181922842,61.16113948561441,0.0,109.80749047192263,223.0612770195708,274.3907082768976,351.53068014887435,375.5613615134671,471.0828911957398,573.1576197103207,670.3092634168929,760.645587120647,775.1702931446921,852.3421194914262,493.35877910117193,541.3631130393401,650.7853588722709,703.3504408720095,819.233372727222,734.1473592442936,775.2098083853585,797.2457141733026,804.5928091652195,840.5200043250684,886.8675944184582,848.3421774050342,848.6458591672954,870.3059909072865,884.0605595309344,893.7798310010671,896.7463092872727,918.4204914996246,925.402669603762,930.4490814181272,946.6705757728364,965.8683939455237,1017.4150383153612,1016.2731595052034
Quảng Bình,0232,Bắc Trung Bộ,607.912317265194,568.6430434002988,609.1736563686161,502.16681556004795,626.8373981249048,513.9066625997069,476.2082400293382,493.8732938741744,492.85919038500424,455.5257262483664,563.6212552421396,443.58577457660226,427.6117991053222,414.27682538635855,406.6734478687967,392.79339643915256,382.57718514462135,376.5180510843933,367.027567803337,383.3424230912566,347.7634058131055,338.5120032473826,323.7223185250873,322.07752229782335,306.23591410300924,263.46709292707936,170.458385346591,109.80749047192263,0.0,113.3567652175373,165.18255183997226,243.21354048034794,267.04860175128164,361.7695323950322,463.41665258204034,560.9459961564123,652.2236042131341,670.4909390479178,750.2576383895247,385.4976923084571,433.280991700176,545.8233697996872,600.9790831442951,712.9727688526843,640.7322281886733,687.1891994122478,704.9498840627989,708.2334842296823,748.1456437494886,791.4135908690872,762.1210648391448,765.5966711476385,792.047493072446,794.8131843361524,807.6943103928228,807.2293113729969,833.9140359183473,846.4926688813465,841.2112702972595,864.7953914811817,879.541921783989,937.7332796514502,936.58468250546
Quảng Trị,0233,Bắc Trung Bộ,712.3183513719522,662.5069708790523,719.5237741737063,614.7954404766247,738.8543890032495,612.942322785663,564.8339137353372,598.8350677931453,600.5848011321641,555.766330938668,676.9755497743453,550.6100998142908,531.0537361963259,510.92356617323924,505.1224363572328,494.3508584367998,465.45949120680683,471.96982106426293,456.81311689889714,490.7054901403644,448.00532348216313,440.81028390783183,420.26749653014997,421.36527703695936,408.8835291942038,370.7006655082819,283.3380075250748,223.0612770195708,113.3567652175373,0.0,52.806723472032125,131.85425102903227,155.14222671633098,248.59926307909384,350.0963775031154,449.37951104383495,542.5455040783319,567.3471033264055,650.8582414285776,278.0791335920469,325.0164291174165,442.92224562564064,502.08061647951274,607.0261470652463,555.3368079142047,608.9534995087662,620.4140115181508,617.7450574762233,663.0502787326423,701.566584159103,685.4306423122031,693.1541054216314,725.6007416533548,713.6335059203349,730.6906363038771,725.5629906042742,758.7587661087082,778.5442245140492,759.6273840716225,792.799684691915,801.5466573529188,867.8901029267317,866.7430201623465
Thừa Thiên Huế,0234,Bắc Trung Bộ,756.4449108487986,701.061107118149,767.5085252830753,664.8762647421231,788.2231872661041,654.3787814918749,601.3043289924725,643.5620174236224,646.958874803175,598.0710775521204,728.5184087549134,596.6768647714764,575.1599214294152,551.6412200248224,546.7681972666408,537.6286879682121,500.1037093254535,512.3700064816567,494.6906197296044,537.1506619194495,490.8906003444246,484.76106402301986,461.6016105651025,463.979506943515,453.2116859177783,417.58410119968914,334.0880776123768,274.3907082768976,165.18255183997226,52.806723472032125,0.0,79.07007002238934,102.35669153882561,196.69366623083238,299.41575877397014,402.0452843587302,497.2421834773954,528.0848171344277,614.250413773122,237.03720253206308,282.4099111289194,404.61436934930475,466.6930290300581,565.1740593392841,529.4120106632577,587.2641929620717,594.5438114654747,587.8373328493866,636.5230924969844,671.6313129604312,664.1373920410875,674.4078707568231,710.1828216073994,689.342695814641,708.9186231424933,700.8946729096472,737.9587710497862,761.9207899372334,734.831503155819,773.71430415626,778.7864625996208,849.7029203175667,848.5619522345384
Đà Nẵng,0236,Bắc Trung Bộ,822.915086018189,760.1152601698165,839.2858736192196,739.7049822033533,861.9175420071047,717.5340219246195,658.1020425746702,711.1710495724717,716.7696792181539,662.6328900869156,805.3852005630334,666.2208621387061,642.1971535385136,614.3639619018415,610.7296955507463,603.7599110568736,555.3360312224428,574.9378792816036,554.1529837607574,607.3907542613564,556.7827246485498,552.0432575334214,525.7383230175409,529.7078309374554,521.1581563532299,488.89370227178074,410.3859265389876,351.53068014887435,243.21354048034794,131.85425102903227,79.07007002238934,0.0,24.18510066631031,121.53805547049228,226.63136403738028,335.98039899923964,434.48313776385646,476.5655100162343,566.682996306583,189.5709174684656,229.17041557341875,356.77176885284854,423.15563264867575,508.48643953934703,501.41729237862586,565.426129099769,565.6931035693099,552.2373154100973,606.0731089457192,635.0975528835968,641.991042034171,656.2514902460932,696.9316836344831,662.0457841487902,685.5390880977413,672.867639745541,715.8809527898086,746.2865856965635,706.29318394086,754.0763138962303,753.2066284112228,830.9208135120836,829.7973518149748
Quảng Nam,0235,Bắc Trung Bộ,846.4605678677748,782.6240044550912,863.3518691723166,763.8900769320801,886.0819973210571,740.6749302380834,680.3064358412632,734.8726498717409,740.6910741338177,685.9834516813568,829.4810918473663,690.1263051202754,665.8532187786886,637.491855235897,634.0247339820731,627.325555285051,577.3760260435397,598.0672036903486,576.8559654956448,631.3663407923069,580.3400292280255,575.7559487655386,549.101663537746,553.2591885689241,544.9499582974972,512.9672509080292,434.51010974767684,375.5613615134671,267.04860175128164,155.14222671633098,102.35669153882561,24.18510066631031,0.0,97.48322394784074,202.76136841114857,313.20972863142606,412.26769121206434,456.95635519278477,547.8960969151376,173.08202543432492,210.28598833264337,338.53940118844554,405.82254657823773,487.5464746880155,488.14155982418936,553.6888973894648,551.9617123487875,536.6667205400378,591.7868193170262,619.0815244001855,629.9497355150817,645.3142755384406,687.3116877095579,648.5080273491901,673.0489729174396,659.1038878851721,703.6955376801754,735.8746272886843,692.3224937683926,742.5078590503991,739.9720608049303,819.4660804182658,818.349280279503
Quảng Ngãi,0255,Bắc Trung Bộ,943.4029566333736,877.3446718506818,960.8207490201236,860.7849628223378,983.3166235591558,836.8530115680394,774.3535346888988,832.0733357683292,838.1370290396137,782.5961535053863,925.211383933599,787.5613927482173,762.993857456871,733.6789015129917,730.5454735940951,724.3306279017247,671.130034155694,694.2738392215523,672.1644914227604,728.8421993506608,677.340102087322,672.9866702006675,645.7775056443363,650.2552717648491,642.281397764541,610.4303036580278,530.6328177499095,471.0828911957398,361.7695323950322,248.59926307909384,196.69366623083238,121.53805547049228,97.48322394784074,0.0,105.56098526068679,219.76052647672722,320.50165912822695,375.7625183570244,469.3348143667884,121.95794941837535,140.51798868783135,265.6019210719819,335.3859304358314,400.52252528313676,433.8061298608637,504.7478669012171,494.6395314401992,471.766132008096,531.6214219563531,551.4239377431642,578.7005328106025,598.4632542386512,645.4199768407807,590.8476178749497,619.4763278363628,600.4045128866667,651.086108358943,690.2479250442218,632.4721216350829,692.0874158202608,682.7555178331346,768.9213037054728,767.8392853098763
Bình Định,0256,Nam Trung Bộ,1048.9623355349652,982.2323714634856,1065.6748414306392,964.2918210627545,1087.4445002008379,942.3040249143014,878.9569640561493,937.5799051554251,943.4004964565161,888.1393610974724,1026.9285656451962,892.8518315078367,868.5202539590181,839.1402143241272,836.0768367636234,829.8832863787579,775.6482286342834,799.7434361464657,777.35425538517,833.993919482701,782.892808345249,778.4780103152025,751.3307261722132,755.8080919786229,747.7089713370467,715.2961141096077,633.29647726158,573.1576197103207,463.41665258204034,350.0963775031154,299.41575877397014,226.63136403738028,202.76136841114857,105.56098526068679,0.0,119.90683990770255,221.26546379352297,290.9730929035028,385.88901076799334,131.77842935990975,110.19989244226021,200.15275822691515,268.2837434485181,306.8233404055074,383.5677415647769,458.4596080588023,438.2131608473884,406.3304749683346,470.511619023566,480.4076995275464,527.3696058482147,551.9351535040494,603.6584157392687,531.4093368309223,564.3846750995522,539.4897307668795,596.5093349564597,643.1864133170848,569.5296075563112,639.3544571641921,622.1162889975649,714.8414394086425,713.8150214302732
Phú Yên,0257,Nam Trung Bộ,1157.7580350950172,1095.8165525922504,1168.8794185317759,1062.9627051617617,1187.7738518319766,1053.3999214621826,993.3083058817981,1045.2873018428884,1048.99489558256,998.1672030843811,1120.6691000633741,998.7219723581809,976.6410318797994,950.2534319034612,946.3939491103775,938.6573691838537,890.2293647797514,910.8306250092031,890.0514491605401,939.1682608195159,891.7522286063363,886.280181180074,861.2974313094413,864.7236477681931,854.9394680135209,819.4710144495837,731.2959091934603,670.3092634168929,560.9459961564123,449.37951104383495,402.0452843587302,335.98039899923964,313.20972863142606,219.76052647672722,119.90683990770255,0.0,101.47720683472602,179.237515394341,272.9996765121871,183.4251107477004,136.87054800167405,126.63517118101502,179.77095463396896,187.91064248604778,305.9182885750589,381.1976831977227,350.67558174975085,310.3630561958622,376.83025709354087,376.69702588174664,442.11130543829273,470.98382099325363,526.2769921362915,437.75233829042367,474.2915289734662,444.1845331055808,506.2213051345802,559.4473282533868,471.6597727943943,550.0451313841982,525.5125345192415,623.0305084458904,622.0708435390937
Khánh Hòa,0258,Nam Trung Bộ,1253.6845760253655,1194.567268927771,1261.3425494887788,1152.760633183032,1278.3748716769971,1150.780549460671,1092.535408530274,1140.6948532752638,1143.1264434761597,1094.992570184727,1207.1369256768135,1093.1031426271152,1072.3895351421027,1047.7491619402838,1043.4465159310187,1034.8407565884288,989.6431696776915,1008.3577334495845,988.4787466067517,1033.2450651801173,988.057087027862,981.9920478214834,958.2711342671124,961.1049803953167,950.3846945397476,913.2442565510804,821.8011573583974,760.645587120647,652.2236042131341,542.5455040783319,497.2421834773954,434.48313776385646,412.26769121206434,320.50165912822695,221.26546379352297,101.47720683472602,0.0,106.27587878246489,188.69737953789132,267.5459915791801,219.4047814400874,140.65690063499727,152.32160106828957,92.08455272642287,272.48250876209676,342.3160500266418,301.0490598382155,251.98161855402793,317.6149986087335,303.4821081022757,390.6194252866554,423.4393469314202,480.8844231557129,376.0267392504302,415.78764169583104,380.1299081847549,446.54112331076055,506.0079617533851,403.4985524759353,490.42125238277976,457.6677548851057,559.0616395464931,558.1950323330943
Ninh Thuận,0259,Nam Trung Bộ,1278.100697836533,1228.917020915263,1276.5202180759718,1162.5015272963105,1289.1680091448409,1180.2839459900679,1129.372087324702,1164.1677608953953,1163.112517210315,1122.9744699628516,1209.8000343083365,1114.0436240839326,1097.239186282724,1078.2078316985126,1072.4624865104347,1061.208315191209,1027.8736105428377,1039.1676752169758,1022.6425296069347,1053.7834062447614,1015.1061149128664,1007.3427710092016,987.6048518571873,988.5800275221234,975.2188498935817,933.9573631760197,835.8992484010191,775.1702931446921,670.4909390479178,567.3471033264055,528.0848171344277,476.5655100162343,456.95635519278477,375.7625183570244,290.9730929035028,179.237515394341,106.27587878246489,0.0,94.91607457520244,291.11243994924894,247.60462394347707,124.69340532663996,82.87371135193528,57.912679252736424,176.2232502675956,240.80231947145043,196.39650452911346,145.97236930073868,211.34980839732359,200.00839648984325,284.88990644566616,318.28065262809554,375.9155498426705,269.87250956289256,309.51607942497526,274.250158416635,340.32584449035767,399.8325597288589,298.5654282376856,384.2359062422965,352.79141814329137,453.48523549034024,452.60070990313545
Bình Thuận,0252,Nam Trung Bộ,1358.026211103989,1313.362800419554,1351.7939751566437,1235.1818294589323,1362.0160014657274,1262.7756666106047,1215.0243338330772,1243.9418898384624,1241.1941269132008,1204.942510732948,1278.1973365395781,1192.7508641542001,1177.8594670840391,1161.3822153948915,1155.0308732169729,1142.6361882843898,1114.295858996219,1122.6046335796564,1107.5060525027202,1132.502551770168,1096.9909143501689,1088.492372016633,1070.5786335573462,1070.7448683330115,1056.252860573731,1013.2457638463651,912.4568464760954,852.3421194914262,750.2576383895247,650.8582414285776,614.250413773122,566.682996306583,547.8960969151376,469.3348143667884,385.88901076799334,272.9996765121871,188.69737953789132,94.91607457520244,0.0,378.6809640223019,337.6483124039944,210.2513621036284,149.28184481598308,101.69832058822432,172.85171029220018,212.21553343961514,158.7288391453834,105.19798207467703,153.95332913807616,120.10646494480277,231.5421049212625,267.73511380292706,324.43317650774964,202.8663193771439,244.62092564345124,203.6879794160175,272.4520832179417,337.31584456442675,221.5644535429401,314.89341336452816,274.7719564455434,377.8233239548602,377.04899556149815
Kon Tum,0260,Tây Nguyên,990.368736142078,938.0571020572855,994.6077826410354,885.2460489690623,1010.9610511052875,890.463079800965,838.2730151506274,876.7977379826888,877.7291495538868,833.6038847002766,940.0441002158515,828.0249681613453,809.124664610158,788.0271577636864,782.6940549143692,772.3883056653035,736.7813983288787,748.8616384659108,731.7101291229792,767.9394498861226,725.9595762147662,718.8892290020316,697.6466669067829,699.2398632799844,686.9547855677578,647.844247221432,554.5191756392404,493.35877910117193,385.4976923084571,278.0791335920469,237.03720253206308,189.5709174684656,173.08202543432492,121.95794941837535,131.77842935990975,183.4251107477004,267.5459915791801,291.11243994924894,378.6809640223019,0.0,48.17357240427104,168.44268983880843,233.66198970022685,328.9749969077116,317.65916866337574,386.22294797915913,380.5210211571662,363.6253499703592,419.5789679082085,446.00933851528055,461.3919387487204,479.382245669646,524.9367626728177,477.16067428621056,503.4220131094331,487.43142487776936,534.5927986259387,570.9179887628558,520.3570334980783,574.624984538509,568.9323243948131,651.6315715269055,650.5324319002067
Gia Lai,0269,Tây Nguyên,1037.2938099992723,983.301260689318,1042.446119523963,933.3609753415016,1059.0267194144178,936.6142947103654,882.9183220195492,923.8513726604078,925.1815764466184,880.0036301177536,988.1931512834199,875.3841617072146,855.998692841493,833.987874391973,828.9131457121562,819.0402681191778,781.0007880526766,794.7455055401854,776.8954683183438,815.352195750101,772.5024001438254,765.6945240896667,743.7928075724727,745.7107226844697,733.8371086586892,695.2627926901368,602.524068119479,541.3631130393401,433.280991700176,325.0164291174165,282.4099111289194,229.17041557341875,210.28598833264337,140.51798868783135,110.19989244226021,136.87054800167405,219.4047814400874,247.60462394347707,337.6483124039944,48.17357240427104,0.0,128.50371310609296,197.0087722112652,282.7648471066158,293.9108731728393,365.9637500787038,354.1932127163189,331.8215408188337,391.1305583803592,412.42578344178924,439.0115331864966,459.91446839540043,508.50099566207047,450.3390731039463,479.29141991205677,459.8886607078116,511.00364216334196,551.7676092563555,492.0042402648254,552.3404006849355,542.2423482372001,629.0411105767014,627.9667910927568
Đắk Lắk,0262,Tây Nguyên,1153.4076954132788,1104.9201670055884,1152.3301140352505,1039.032397326245,1165.588748761837,1055.7997794858838,1005.8321720084793,1039.4748112490938,1038.5082801810859,998.4069426706311,1087.8997868372771,989.3928646987883,972.5583817496815,953.8425207399993,947.9788948380575,936.5766688245731,904.7026334089708,914.856345439565,898.7596478676668,929.1368602114799,890.5173076823486,882.6853059700736,863.1838985977292,864.0237681839745,850.5519551129813,809.2862773816607,711.6012912484273,650.7853588722709,545.8233697996872,442.92224562564064,404.61436934930475,356.77176885284854,338.53940118844554,265.6019210719819,200.15275822691515,126.63517118101502,140.65690063499727,124.69340532663996,210.2513621036284,168.44268983880843,128.50371310609296,0.0,70.01527137388969,170.35826249944472,185.36527975200104,260.9532516274557,238.07954835668383,207.9477936965555,270.8528662878304,285.9870448704063,327.6685031248748,353.44071551151336,406.74157664553735,331.5508685610076,364.23460729339115,339.94764177899935,396.362026044212,444.0885400101817,370.6525584002627,439.2739867971526,422.66066852482606,514.6887023773825,513.6622787762576
Đắk Nông,0261,Tây Nguyên,1208.7748932459933,1164.5429849340821,1203.3802700008412,1087.6072602679924,1214.4131849543123,1113.5858320109317,1066.6461391902405,1094.694403776774,1092.1342121719044,1055.7066956599706,1132.5684157750488,1043.5982989719628,1028.578304252603,1012.3048579466337,1005.862373102988,993.3702417600234,966.3191466524696,973.5844065965787,958.871641629177,983.3414357368235,947.7572849307402,939.2179428435342,921.4836975816216,921.5401493467392,906.9762121331844,864.0151776040627,763.6050986382579,703.3504408720095,600.9790831442951,502.08061647951274,466.6930290300581,423.15563264867575,405.82254657823773,335.3859304358314,268.2837434485181,179.77095463396896,152.32160106828957,82.87371135193528,149.28184481598308,233.66198970022685,197.0087722112652,70.01527137388969,0.0,139.84830886108423,127.0221601269259,201.71680165886096,172.11780935429104,138.30001616309355,202.31115104941355,216.05519036797043,263.14946944783884,291.29878823734344,346.5174158215136,263.3199856274355,297.4886856380898,271.2215280946034,329.6161416553063,380.37187832680127,301.36209181478824,373.015322539148,353.8327115295699,447.5846455624515,446.5807265591923
Lâm Đồng,0263,Tây Nguyên,1319.2211020283391,1265.9501930462231,1321.0079231482543,1208.7058281737945,1335.1367856626148,1219.3040811246046,1165.227700391091,1205.5489346523411,1205.7936112921632,1162.5529842651868,1258.2244803301821,1156.3244880217733,1138.0234935112512,1116.7317313224164,1111.5693716524083,1101.3599321843765,1062.9965788529494,1077.5011179045878,1059.5432321973258,1096.145748758556,1054.9324785862777,1047.8261468169621,1026.477868140579,1028.2024297303647,1015.8597162271853,976.096499530214,880.2291359349919,819.233372727222,712.9727688526843,607.0261470652463,565.1740593392841,508.48643953934703,487.5464746880155,400.52252528313676,306.8233404055074,187.91064248604778,92.08455272642287,57.912679252736424,101.69832058822432,328.9749969077116,282.7648471066158,170.35826249944472,139.84830886108423,0.0,228.86195195553407,287.96510435821983,239.36786849155294,185.62857674399868,246.28366760833012,221.07222397962187,322.98511407400053,358.03602760794814,415.69294578986467,300.49258000029306,341.7491975269161,302.6722869073497,370.93518562368934,434.00050146386883,322.51528687872127,414.0904311590131,376.0683502436718,478.8810052864383,478.0839668836836
Bình Phước,0271,Đông Nam Bộ,1240.888562875022,1209.3636676540482,1224.125365094292,1103.1948573496302,1229.5348181086742,1153.2585519610197,1115.9142018502744,1127.274041551869,1120.449107633608,1094.44351331353,1138.5263107992023,1073.8925796524397,1063.9487866988295,1054.8072629935316,1046.7298870444536,1031.240445344805,1019.0116838123176,1017.2352058498413,1006.8514968967899,1014.2338803208138,987.3549245899998,976.9180163738235,964.4105743963783,962.2085993104417,944.7410342271293,897.7188883292137,791.8433743076771,734.1473592442936,640.7322281886733,555.3368079142047,529.4120106632577,501.41729237862586,488.14155982418936,433.8061298608637,383.5677415647769,305.9182885750589,272.48250876209676,176.2232502675956,172.85171029220018,317.65916866337574,293.9108731728393,185.36527975200104,127.0221601269259,228.86195195553407,0.0,75.65847018840134,65.16059246566951,78.93437792708266,107.77450938636186,154.28093763245266,145.14819250391392,168.39094200779437,221.43357980615974,160.6931810638842,185.87646456171834,171.7998542459734,217.31856323655063,259.6816753717397,205.5754329629947,258.4320933029766,251.84793365185777,335.1529914524772,334.075558977336
Tây Ninh,0276,Đông Nam Bộ,1279.285901812428,1254.3043159166737,1256.62175426648,1133.522004575735,1258.977110242609,1195.8637120717676,1163.395603514598,1166.4063413786423,1157.4176575478396,1136.8474149588128,1163.3828254422106,1112.1223103450768,1104.8145060252941,1099.2712529388743,1090.4288396631944,1073.5331789228555,1068.5565024722753,1062.453159046561,1054.2162716784437,1053.1040583887357,1030.7494391200107,1019.4351350350606,1009.5686817455403,1006.2775691402042,987.4890897544311,938.7705376378177,831.0443600976542,775.2098083853585,687.1891994122478,608.9534995087662,587.2641929620717,565.426129099769,553.6888973894648,504.7478669012171,458.4596080588023,381.1976831977227,342.3160500266418,240.80231947145043,212.21553343961514,386.22294797915913,365.9637500787038,260.9532516274557,201.71680165886096,287.96510435821983,75.65847018840134,0.0,54.190798722850026,107.15476683106314,82.36200855256052,144.85079519555163,76.90714820841185,93.98848712479982,145.79277519396123,109.33274823480079,121.78322578211439,122.2527427651229,150.84935846039514,185.82320477599126,155.4872691463213,188.8300567738102,192.78588961339577,265.82178018518096,264.7093097120025
Bình Dương,0274,Đông Nam Bộ,1303.5008276765552,1273.492427310018,1284.9159425597434,1163.1755986754824,1289.2428098263726,1216.8950073988985,1180.4576717378766,1190.0520958365798,1182.619123136563,1158.0194027482842,1196.3978821287471,1136.406259414099,1127.1519210111517,1118.809655839181,1110.5742829996673,1094.7722900382012,1083.8169247083881,1081.3733763312791,1071.355995298743,1076.9013937801276,1051.1170351160763,1040.4829398529864,1028.5227704121066,1026.1044402116597,1008.3465777962435,960.9045620740823,854.4897930830367,797.2457141733026,704.9498840627989,620.4140115181508,594.5438114654747,565.6931035693099,551.9617123487875,494.6395314401992,438.2131608473884,350.67558174975085,301.0490598382155,196.39650452911346,158.7288391453834,380.5210211571662,354.1932127163189,238.07954835668383,172.11780935429104,239.36786849155294,65.16059246566951,54.190798722850026,0.0,54.61283826417925,43.27926189644257,98.41754148224011,91.4913927019493,122.51215896325284,179.83755049847707,96.64031220059378,126.20708923546093,107.17723178190843,158.31057218963997,208.80762935690612,140.69994623762054,201.24283648885427,188.46130198637465,276.6915964861966,275.65692538457665
Đồng Nai,0251,Đông Nam Bộ,1311.8462299216326,1276.4470599459405,1297.8373309557999,1177.852647520743,1304.401465595506,1221.9312094945105,1181.3395813733405,1197.978568190153,1192.269734191535,1163.3271020807704,1214.892614861646,1145.1426514284149,1133.786408449206,1122.453324974004,1114.8858170882397,1100.2951534100957,1083.0325265621343,1084.4484983156806,1072.5727794962513,1085.240921980911,1055.8130924215436,1045.93641639188,1031.7718224126218,1030.2893482320833,1013.6834157796645,967.754028985174,863.1208677102427,804.5928091652195,708.2334842296823,617.7450574762233,587.8373328493866,552.2373154100973,536.6667205400378,471.766132008096,406.3304749683346,310.3630561958622,251.98161855402793,145.97236930073868,105.19798207467703,363.6253499703592,331.8215408188337,207.9477936965555,138.30001616309355,185.62857674399868,78.93437792708266,107.15476683106314,54.61283826417925,0.0,66.71609991315943,83.85689173925223,139.0164034140428,173.05243843839926,230.79444741907005,127.40097782767201,165.01675963225637,134.05027655171315,196.55701273826716,254.08456137558815,163.21004768422472,240.54655457129718,216.18637107250402,312.6836925039156,311.72893671140406
Hồ Chí Minh,028,Đông Nam Bộ,1346.7331315833387,1316.713608883908,1327.8259892732765,1205.8938334687937,1331.877963692815,1260.169317998173,1223.5587519784979,1233.301884071206,1225.7974424489548,1201.2958899940913,1238.4922189373992,1179.6301166236385,1170.428011591462,1162.0503793780276,1153.8336532729286,1138.0498920739155,1126.7712643317975,1124.5912703635222,1114.4718603326091,1120.1424639235702,1094.383079449935,1083.759447142575,1071.744975129657,1069.3578749728533,1051.6214739418658,1004.1807762209152,897.7331852695102,840.5200043250684,748.1456437494886,663.0502787326423,636.5230924969844,606.0731089457192,591.7868193170262,531.6214219563531,470.511619023566,376.83025709354087,317.6149986087335,211.34980839732359,153.95332913807616,419.5789679082085,391.1305583803592,270.8528662878304,202.31115104941355,246.28366760833012,107.77450938636186,82.36200855256052,43.27926189644257,66.71609991315943,0.0,62.844808019945305,77.63348363183847,113.78458486135779,170.64090536528158,61.1215997890483,98.42383474172588,69.11723050364607,129.8488359536721,188.70532929779904,100.92537937848853,173.8449294211053,151.83603030005685,246.24402136578806,245.2756445083588
Bà Rịa – Vũng Tàu,0254,Đông Nam Bộ,1393.9757940060763,1359.81854600944,1378.2859521362939,1257.4726095139085,1383.8152147230974,1304.9034730176022,1264.9769952052727,1280.2106015097306,1273.954511732804,1246.2290347579121,1292.4661403802768,1227.1159509311342,1216.361451095706,1205.6844391180812,1197.9888260271246,1183.1352062208307,1166.805375485837,1167.771703329688,1156.1593678513404,1167.3222287540675,1138.8253478295023,1128.7799031194136,1115.0555321908237,1113.3998425018588,1096.5455306935019,1050.2285397556032,945.0362337119772,886.8675944184582,791.4135908690872,701.566584159103,671.6313129604312,635.0975528835968,619.0815244001855,551.4239377431642,480.4076995275464,376.69702588174664,303.4821081022757,200.00839648984325,120.10646494480277,446.00933851528055,412.42578344178924,285.9870448704063,216.05519036797043,221.07222397962187,154.28093763245266,144.85079519555163,98.41754148224011,83.85689173925223,62.844808019945305,0.0,127.84023740212014,163.60572312463717,216.12426157962167,87.59500904814773,128.87447870007722,85.6610467786595,154.2003731210579,220.7480375408365,101.49440154151458,195.61020227606255,155.03716117656404,257.83519311024804,257.04688427160903
Long An,0272,Đồng Bằng Sông Cửu Long,1350.814386909969,1328.2953322152098,1325.5217406488068,1201.5157497526677,1326.3566824192746,1269.0868138356998,1238.2174155163625,1238.3312650354371,1228.4549436178404,1210.0417908957581,1228.4564751545436,1183.73392295591,1177.4700076486408,1173.201718028067,1164.110600740567,1146.73976644056,1143.9773816717911,1136.6527599506567,1129.0646045071628,1125.0377272979638,1104.3765221348115,1092.7698319337776,1083.7890341352183,1080.1509807704024,1060.9346776106242,1011.6674599124186,903.407580771951,848.3421774050342,762.1210648391448,685.4306423122031,664.1373920410875,641.991042034171,629.9497355150817,578.7005328106025,527.3696058482147,442.11130543829273,390.6194252866554,284.88990644566616,231.5421049212625,461.3919387487204,439.0115331864966,327.6685031248748,263.14946944783884,322.98511407400053,145.14819250391392,76.90714820841185,91.4913927019493,139.0164034140428,77.63348363183847,127.84023740212014,0.0,36.465850365428565,93.04020842259459,50.803893519679356,45.57388236324743,62.414110583658235,73.97105045991421,117.3364492874708,89.34895812787784,113.38868178995462,117.57317067979692,190.30321665203783,189.2118989776478
Đồng Tháp,0277,Đồng Bằng Sông Cửu Long,1348.4391058603296,1329.4789365210297,1320.1890504717853,1195.3780604418957,1319.5251176558506,1269.0866646304662,1240.9716831191233,1236.5428252445665,1225.5672078216035,1210.041633922577,1219.6524455426206,1181.589274028449,1176.7156124346288,1174.390611426807,1164.9007838515026,1146.8090606390645,1148.0770996384626,1138.3287794255557,1131.9497900475726,1123.3573847250168,1105.130370411192,1093.0805108727857,1085.5463984628316,1081.3244682862664,1061.4455946806625,1011.414652539434,902.551054403875,848.6458591672954,765.5966711476385,693.1541054216314,674.4078707568231,656.2514902460932,645.3142755384406,598.4632542386512,551.9351535040494,470.98382099325363,423.4393469314202,318.28065262809554,267.73511380292706,479.382245669646,459.91446839540043,353.44071551151336,291.29878823734344,358.03602760794814,168.39094200779437,93.98848712479982,122.51215896325284,173.05243843839926,113.78458486135779,163.60572312463717,36.465850365428565,0.0,57.74228065795843,81.44103816944217,56.44802787579928,90.68325797664077,71.21474530770438,91.85352332373085,109.90997478075644,99.65939520394176,122.50043645809798,175.3201539090084,174.18146403435443
An Giang,0296,Đồng Bằng Sông Cửu Long,1365.0567012156905,1351.3982755879977,1332.3048229964027,1206.4404894551697,1329.2829293886928,1289.362237696639,1265.2781309844524,1254.2138801372387,1241.598112670727,1230.4112250370226,1226.4119756791515,1198.8200213130572,1196.0301205567084,1196.5555133841676,1186.5034853571092,1167.3916119445053,1174.4322087735115,1161.2610232675304,1156.621558671388,1141.394464138421,1126.7916158003113,1114.1201029244392,1108.6960623887703,1103.6414554506127,1082.8427807885382,1031.8082966234406,922.347281387601,870.3059909072865,792.047493072446,725.6007416533548,710.1828216073994,696.9316836344831,687.3116877095579,645.4199768407807,603.6584157392687,526.2769921362915,480.8844231557129,375.9155498426705,324.43317650774964,524.9367626728177,508.50099566207047,406.74157664553735,346.5174158215136,415.69294578986467,221.43357980615974,145.79277519396123,179.83755049847707,230.79444741907005,170.64090536528158,216.12426157962167,93.04020842259459,57.74228065795843,0.0,129.53470955598866,92.25986217449577,135.3733389056545,85.01442336040336,55.304724714869046,143.49029922680756,85.43801685002694,133.3941838664067,147.4833115373361,146.35267202791636
Tiền Giang,0273,Đồng Bằng Sông Cửu Long,1388.5259690035246,1362.573707890175,1365.8580138351595,1242.5972005479541,1367.924007911424,1304.5958450632743,1270.9457826868295,1275.579161451998,1266.7211196118274,1245.6012130403412,1271.5998045750032,1221.3573362989819,1213.7906038019598,1207.611331796413,1198.9303107580556,1182.2906708633625,1175.3605835818862,1170.6045036217656,1161.7677878134452,1162.2833462555266,1139.2947747177755,1128.1399201072359,1117.7169909051518,1114.6759994986628,1096.1433191398623,1047.6818326506411,940.1462584672133,884.0605595309344,794.8131843361524,713.6335059203349,689.342695814641,662.0457841487902,648.5080273491901,590.8476178749497,531.4093368309223,437.75233829042367,376.0267392504302,269.87250956289256,202.8663193771439,477.16067428621056,450.3390731039463,331.5508685610076,263.3199856274355,300.49258000029306,160.6931810638842,109.33274823480079,96.64031220059378,127.40097782767201,61.1215997890483,87.59500904814773,50.803893519679356,81.44103816944217,129.53470955598866,0.0,41.81516387407531,13.054547566649175,70.6594630891334,134.48486477214263,46.42572069170348,114.4073631574854,91.9243398374916,185.28300912400272,184.32797569991845
Vĩnh Long,0270,Đồng Bằng Sông Cửu Long,1395.9266187259082,1373.8197166138195,1369.9689919936627,1245.7204657175191,1370.3546624201476,1314.5180829895367,1283.7906973262704,1283.5344216562307,1273.4655331650442,1255.4707821301572,1271.7348171638719,1228.87577304583,1222.8142220626103,1218.7227420142185,1209.6051329803456,1192.1728097113335,1189.530638803635,1182.1979086988765,1174.6382823964216,1170.250496558777,1149.8662649038693,1138.22282950015,1129.33648227284,1125.6682982861678,1106.4034747524977,1057.0602477508723,948.7197090739018,893.7798310010671,807.6943103928228,730.6906363038771,708.9186231424933,685.5390880977413,673.0489729174396,619.4763278363628,564.3846750995522,474.2915289734662,415.78764169583104,309.51607942497526,244.62092564345124,503.4220131094331,479.29141991205677,364.23460729339115,297.4886856380898,341.7491975269161,185.87646456171834,121.78322578211439,126.20708923546093,165.01675963225637,98.42383474172588,128.87447870007722,45.57388236324743,56.44802787579928,92.25986217449577,41.81516387407531,0.0,44.15551998037586,32.14255422502891,92.69618595846347,54.15283606082926,75.75360243560094,72.08939241321647,150.48452320148257,149.45007808616506
Bến Tre,0275,Đồng Bằng Sông Cửu Long,1401.3439015971765,1375.1029206267774,1378.8319835687923,1255.603543667106,1380.945653473217,1317.2405757670183,1283.323509496956,1288.3663040610254,1279.5801861449347,1258.2527153146514,1284.652858012404,1234.1735495033577,1226.5075168174512,1220.160219510796,1211.517812015054,1194.944218849589,1187.5987767660727,1183.1115700549708,1174.1495933102424,1175.07411977957,1151.8943544347571,1140.7803663856268,1130.2249500738596,1127.2408429623533,1108.7712829913523,1060.3813491380156,952.9093807807699,896.7463092872727,807.2293113729969,725.5629906042742,700.8946729096472,672.867639745541,659.1038878851721,600.4045128866667,539.4897307668795,444.1845331055808,380.1299081847549,274.250158416635,203.6879794160175,487.43142487776936,459.8886607078116,339.94764177899935,271.2215280946034,302.6722869073497,171.7998542459734,122.2527427651229,107.17723178190843,134.05027655171315,69.11723050364607,85.6610467786595,62.414110583658235,90.68325797664077,135.3733389056545,13.054547566649175,44.15551998037586,0.0,68.82121031979774,135.09936555417156,34.07629812665693,111.42787880735405,82.72006821798544,179.46528833956634,178.5533410698276
Cần Thơ,0292,Đồng Bằng Sông Cửu Long,1419.0996000968742,1398.9737528504322,1391.3303042786292,1266.570667656497,1390.739069956418,1339.033504036518,1309.7421492514134,1307.04622800743,1296.3346580005013,1279.9825285603272,1290.7843748931637,1252.1803955524817,1246.9087404518468,1243.8669661582428,1234.5383039575786,1216.717919453677,1216.1255473820959,1207.5916849873033,1200.6420389206435,1193.8206019461925,1174.7748270751458,1162.8939075314318,1154.7661671285869,1150.795272883476,1131.1788046882398,1081.4196726442842,972.7392132059286,918.4204914996246,833.9140359183473,758.7587661087082,737.9587710497862,715.8809527898086,703.6955376801754,651.086108358943,596.5093349564597,506.2213051345802,446.54112331076055,340.32584449035767,272.4520832179417,534.5927986259387,511.00364216334196,396.362026044212,329.6161416553063,370.93518562368934,217.31856323655063,150.84935846039514,158.31057218963997,196.55701273826716,129.8488359536721,154.2003731210579,73.97105045991421,71.21474530770438,85.01442336040336,70.6594630891334,32.14255422502891,68.82121031979774,0.0,67.7004442545449,62.60456396274386,44.00396989613379,52.21638048606991,118.40582373214123,117.36408585438629
Kiên Giang,0297,Đồng Bằng Sông Cửu Long,1420.3562896101096,1406.5195419736178,1387.3774479826538,1261.4266304040138,1384.1050091092338,1344.590392075275,1320.1409247538686,1309.517339174321,1296.8895845493944,1285.6315053146236,1280.8093111100507,1254.124746027926,1251.2970201207163,1251.6448585925273,1241.6389428189473,1222.5961245586607,1228.9757792846033,1216.2733513332162,1211.4234295728656,1196.6926551220886,1181.9176181160517,1169.2914899493621,1163.6796877685879,1158.7084890855049,1137.9856050245667,1087.0145976209346,977.577385165775,925.402669603762,846.4926688813465,778.5442245140492,761.9207899372334,746.2865856965635,735.8746272886843,690.2479250442218,643.1864133170848,559.4473282533868,506.0079617533851,399.8325597288589,337.31584456442675,570.9179887628558,551.7676092563555,444.0885400101817,380.37187832680127,434.00050146386883,259.6816753717397,185.82320477599126,208.80762935690612,254.08456137558815,188.70532929779904,220.7480375408365,117.3364492874708,91.85352332373085,55.304724714869046,134.48486477214263,92.69618595846347,135.09936555417156,67.7004442545449,0.0,129.46637011936733,40.533449084322335,99.50731602315435,92.18544002625576,91.05336446921848
Trà Vinh,0294,Đồng Bằng Sông Cửu Long,1434.7718019770366,1408.99888389055,1411.6408137140754,1288.1771324154006,1413.3651643017986,1351.003224406345,1317.3281853805615,1321.8710877379947,1312.8910203491087,1292.0059088062922,1316.4503669495364,1267.6072385671773,1260.1560229855813,1254.0370498124564,1245.3531604121035,1228.6946196625788,1221.656050777193,1217.0274430997156,1208.1519594976164,1208.5712401881053,1185.7156159034594,1174.549286202113,1164.140016472674,1161.1012245419015,1142.5570321603202,1094.0607648253617,986.4699470096529,930.4490814181272,841.2112702972595,759.6273840716225,734.831503155819,706.29318394086,692.3224937683926,632.4721216350829,569.5296075563112,471.6597727943943,403.4985524759353,298.5654282376856,221.5644535429401,520.3570334980783,492.0042402648254,370.6525584002627,301.36209181478824,322.51528687872127,205.5754329629947,155.4872691463213,140.69994623762054,163.21004768422472,100.92537937848853,101.49440154151458,89.34895812787784,109.90997478075644,143.49029922680756,46.42572069170348,54.15283606082926,34.07629812665693,62.60456396274386,129.46637011936733,0.0,97.65435144732432,54.22599077770931,156.36599195023464,155.56916276158856
Hậu Giang,0293,Đồng Bằng Sông Cửu Long,1444.649050729837,1427.71490433069,1414.0653064412536,1288.6034110498226,1411.9738547388752,1366.7676349845485,1339.8369633137422,1333.1943798953594,1321.4756929021494,1307.7430963810878,1310.065300907828,1278.0352146171108,1274.0203390882584,1272.6712783993773,1263.0055720578496,1244.570114486305,1247.3397387535595,1236.8236601382857,1230.879948983971,1220.1343666437829,1203.2394292474644,1190.983767424391,1184.0892710584044,1179.629001694215,1159.4583394008237,1109.0708772498685,999.9494729568713,946.6705757728364,864.7953914811817,792.799684691915,773.71430415626,754.0763138962303,742.5078590503991,692.0874158202608,639.3544571641921,550.0451313841982,490.42125238277976,384.2359062422965,314.89341336452816,574.624984538509,552.3404006849355,439.2739867971526,373.015322539148,414.0904311590131,258.4320933029766,188.8300567738102,201.24283648885427,240.54655457129718,173.8449294211053,195.61020227606255,113.38868178995462,99.65939520394176,85.43801685002694,114.4073631574854,75.75360243560094,111.42787880735405,44.00396989613379,40.533449084322335,97.65435144732432,0.0,59.878104648113165,77.02252571677657,75.91773735924558
Sóc Trăng,0299,Đồng Bằng Sông Cửu Long,1467.8933142130516,1445.8683202230284,1441.3988213326475,1316.9279932295208,1441.3473026730264,1386.6072489469188,1355.686515072027,1355.5545214070717,1345.366768332003,1327.5600351591122,1341.9810605898213,1300.862413071581,1294.892293585697,1290.774887556656,1281.6773974886646,1264.2618531708467,1261.2099649029744,1254.2168882511742,1246.524145681357,1242.2765340589513,1221.9410158189962,1210.30950659274,1201.351093705264,1197.7240108044937,1178.486401380715,1129.1480271630721,1020.7893041661339,965.8683939455237,879.541921783989,801.5466573529188,778.7864625996208,753.2066284112228,739.9720608049303,682.7555178331346,622.1162889975649,525.5125345192415,457.6677548851057,352.79141814329137,274.7719564455434,568.9323243948131,542.2423482372001,422.66066852482606,353.8327115295699,376.0683502436718,251.84793365185777,192.78588961339577,188.46130198637465,216.18637107250402,151.83603030005685,155.03716117656404,117.57317067979692,122.50043645809798,133.3941838664067,91.9243398374916,72.08939241321647,82.72006821798544,52.21638048606991,99.50731602315435,54.22599077770931,59.878104648113165,0.0,103.30357378302055,102.5840933367579
Bạc Liêu,0291,Đồng Bằng Sông Cửu Long,1512.4937487767313,1498.549272361182,1479.0422065372393,1352.9414718841833,1475.3250252779987,1436.7326140689752,1411.8606267164666,1401.6951667135245,1389.0014175769063,1377.7666823421346,1371.3216803434557,1346.2931456632384,1343.4711014748866,1343.6407491239013,1333.686793844942,1314.7165327179987,1320.2912916263342,1308.180115237868,1303.0718054242334,1288.877068313193,1273.9560180610158,1261.3788355932884,1255.5539628150932,1250.680875984575,1230.0430932239824,1179.1378790587337,1069.723456346751,1017.4150383153612,937.7332796514502,867.8901029267317,849.7029203175667,830.9208135120836,819.4660804182658,768.9213037054728,714.8414394086425,623.0305084458904,559.0616395464931,453.48523549034024,377.8233239548602,651.6315715269055,629.0411105767014,514.6887023773825,447.5846455624515,478.8810052864383,335.1529914524772,265.82178018518096,276.6915964861966,312.6836925039156,246.24402136578806,257.83519311024804,190.30321665203783,175.3201539090084,147.4833115373361,185.28300912400272,150.48452320148257,179.46528833956634,118.40582373214123,92.18544002625576,156.36599195023464,77.02252571677657,103.30357378302055,0.0,1.1493602785685044
Cà Mau,0290,Đồng Bằng Sông Cửu Long,1511.368204257937,1497.407671174873,1477.9362523900586,1351.839862523933,1474.2315188344799,1435.5949824098925,1410.7145244999235,1400.565433167866,1387.8776169577627,1376.6286809267929,1370.244840669442,1345.1647330614833,1342.3359626352258,1342.4984214373244,1332.545680907713,1313.577845002977,1319.1428460105833,1307.0362228713138,1301.9251350941045,1287.7457043284041,1272.8146752626103,1260.2389047798706,1254.4096179416797,1249.5381054318982,1228.9022641611978,1177.9993439129773,1068.5861064264539,1016.2731595052034,936.58468250546,866.7430201623465,848.5619522345384,829.7973518149748,818.349280279503,767.8392853098763,713.8150214302732,622.0708435390937,558.1950323330943,452.60070990313545,377.04899556149815,650.5324319002067,627.9667910927568,513.6622787762576,446.5807265591923,478.0839668836836,334.075558977336,264.7093097120025,275.65692538457665,311.72893671140406,245.2756445083588,257.04688427160903,189.2118989776478,174.18146403435443,146.35267202791636,184.32797569991845,149.45007808616506,178.5533410698276,117.36408585438629,91.05336446921848,155.56916276158856,75.91773735924558,102.5840933367579,1.1493602785685044,0.0
